park,358231
choi,560259
cho,673590
kang,782306
jung,885405
shin,981235
han,1057981
oh,1127230
yoon,1196069
song,1262948
kwon,1326922
hong,1388845
jang,1449367
lim,1508989
hwang,1568337
jeong,1627309
seo,1676609
ahn,1724871
chung,1771026
yoo,1816053
yang,1859667
jeon,1896638
son,1925589
chang,1953936
ko,1980425
nam,2006459
ryu,2031855
yun,2056796
ha,2078056
jin,2097664
shim,2117101
sung,2136242
baek,2155326
yu,2173954
jo,2192525
woo,2210846
min,2228654
cha,2246063
an,2263233
yi,2279127
suh,2294485
kwak,2309296
won,2323025
koo,2336344
chun,2349219
noh,2361740
im,2374193
li,2385917
chae,2397197
na,2408294
joo,2419038
ji,2429406
sohn,2439637
jun,2449572
byun,2459257
bang,2468405
roh,2476951
koh,2485382
kim,2493476
hyun,2500779
rhee,2508059
sim,2515271
choe,2522142
hur,2528989
youn,2535825
kong,2541863
yeo,2547651
yim,2553382
lee,2559019
sun,2563906
ham,2568646
eom,2573317
wang,2577886
mun,2582432
so,2586762
ju,2590966
baik,2595113
cheon,2599226
yong,2603088
do,2606939
pak,2610768
paik,2614425
choo,2617991
ku,2621534
seong,2624884
dong,2628211
ho,2631458
cheong,2634705
jong,2637873
yeom,2640687
chong,2643399
khan,2646042
seok,2648662
chu,2651260
jee,2653755
hahn,2656159
ma,2658518
zhang,2660819
soo,2663098
seol,2665365
chon,2667610
liu,2669763
pyo,2671825
ok,2673887
joung,2675904
paek,2677921
bak,2679892
ro,2681829
gu,2683754
ryoo,2685668
yeon,2687548
rho,2689360
maeng,2691103
ra,2692835
chin,2694555
suk,2696264
eun,2697950
ban,2699637
byeon,2701311
sin,2702884
shon,2704410
kweon,2705914
gil,2707395
ki,2708865
su,2710312
kil,2711759
gong,2713195
soh,2714619
myung,2716032
ye,2717342
gim,2718652
chi,2719962
kyung,2721273
hoon,2722560
goo,2723848
back,2725089
chai,2726331
hahm,2727562
eum,2728792
rim,2730011
keum,2731231
mo,2732438
whang,2733612
wu,2734785
lin,2735947
yum,2737075
pyun,2738180
kook,2739263
jeung,2740345
tran,2741428
tak,2742510
mok,2743592
bok,2744641
nah,2745666
goh,2746680
gwak,2747671
huang,2748662
no,2749608
man,2750554
xu,2751477
uhm,2752400
choung,2753311
lyu,2754223
sang,2755134
kee,2756034
tan,2756934
gwon,2757812
wee,2758643
zhao,2759464
soon,2760284
bai,2761093
tae,2761902
sheen,2762699
che,2763440
jeoung,2764180
joh,2764887
hwa,2765593
doo,2766288
pham,2766983
pang,2767678
lu,2768373
le,2769057
hu,2769740
choy,2770424
yook,2771108
ryou,2771780
ka,2772452
sa,2773124
sul,2773774
leem,2774423
cui,2775072
se,2775710
bong,2776348
kye,2776986
shen,2777613
la,2778228
eo,2778843
yee,2779436
pae,2780028
pan,2780610
