ahmadi,589458
mohammadi,1138179
karimi,1600922
hosseini,2042785
jafari,2423031
sadeghi,2785365
moradi,3120984
ebrahimi,3447084
rahimi,3771547
rezaei,4095088
hashemi,4394781
ghasemi,4690482
salehi,4973389
kazemi,5237974
akbari,5502252
mousavi,5763767
amiri,6025179
abbasi,6284442
asadi,6538383
amini,6782293
bagheri,7022211
taheri,7243091
mohamadi,7461515
alizadeh,7675230
sharifi,7882599
soltani,8088536
najafi,8282702
zare,8476663
yousefi,8669703
zamani,8862129
nazari,9053327
heidari,9244422
maleki,9433777
ghorbani,9623030
rahmani,9809929
gholami,9994474
azizi,10177586
khosravi,10351895
bahrami,10521496
karami,10683932
hoseini,10845447
rostami,11005427
nasiri,11156706
tavakoli,11304301
heydari,11449644
khalili,11593042
jalali,11735007
fathi,11873390
salimi,12011568
ansari,12149644
farahani,12286287
habibi,12421497
azimi,12556400
zarei,12686697
afshar,12814844
ramezani,12942377
naderi,13069603
soleimani,13196727
mahdavi,13323032
dehghan,13447188
dehghani,13571344
rajabi,13695397
shams,13818938
mirzaei,13942377
bayat,14065304
yazdani,14187924
rad,14309930
emami,14429787
rezaee,14548620
mohseni,14664792
eslami,14780145
alavi,14894986
asgari,15008906
nouri,15122724
kiani,15236132
abedi,15349438
ranjbar,15460595
fallah,15571547
abdollahi,15680657
ghanbari,15789562
esmaeili,15898057
mahmoudi,16006348
rashidi,16113615
lotfi,16220882
kamali,16327842
abdi,16433369
jamshidi,16538794
razavi,16643707
noori,16747392
tehrani,16850463
amin,16953227
moghadam,17054558
javadi,17155582
babaei,17256401
alipour,17357117
talebi,17457833
mahmoodi,17557424
torabi,17656810
eskandari,17755275
mokhtari,17853433
mansouri,17951079
hamidi,18046166
naseri,18140741
shahbazi,18234395
nemati,18327844
moosavi,18421293
shabani,18513616
irani,18605735
jamali,18697751
hasani,18788846
saeedi,18878713
askari,18968273
hatami,19056195
ghaffari,19143503
parsa,19230709
samadi,19316584
norouzi,19401947
hassani,19486799
faraji,19570627
keshavarz,19654046
zahedi,19735827
ghaderi,19814947
farhadi,19893862
sohrabi,19972777
shirazi,20051487
khani,20129890
asghari,20207782
saberi,20284343
momeni,20360904
reza,20437158
panahi,20511877
azad,20586084
izadi,20659779
mortazavi,20733065
haghighi,20803894
taghavi,20874621
shafiee,20944529
rahmati,21014232
moghaddam,21083730
rezaie,21153024
goodarzi,21221601
azadi,21289052
jalili,21356401
mohammad,21422112
esmaili,21486595
bakhtiari,21550976
arab,21614640
hosseinzadeh,21678100
ebadi,21741150
rasouli,21804200
mehrabi,21867045
salari,21929788
shokri,21992531
ashrafi,22055069
bakhshi,22117198
mir,22178610
shafiei,22239920
majidi,22301230
imani,22362131
rezvani,22422418
soleymani,22482602
shakeri,22541763
shojaei,22600821
kalantari,22659265
barati,22717607
mirzaee,22775949
omidi,22833881
tahmasebi,22891506
rafiee,22949029
akhavan,23006450
abedini,23063768
afshari,23120882
ghafari,23177586
fatemi,23233983
fazeli,23290278
taghizadeh,23346266
malek,23401947
madani,23457423
vakili,23511671
mohammadzadeh,23565714
aghaei,23619757
haji,23673698
kashani,23727639
tabatabaei,23781273
davoodi,23834702
zandi,23888131
sharif,23941458
saadat,23994682
mosavi,24047599
masoumi,24100414
bahmani,24152717
eftekhari,24204815
azari,24256504
beheshti,24307783
khademi,24358755
miri,24409523
ahmadian,24460086
zolfaghari,24510649
noroozi,24561007
fattahi,24611263
